K,Prime_Count,Prime_Fraction,Time_Sec
5,18,0.0036,31.076535940170288
10,17,0.0034,24.87529754638672
15,22,0.0044,24.392369270324707
20,20,0.004,24.9616277217865
